{"cameraMode":{"drawMode":0,"name":"Shaded","section":"Shading Mode"},"sceneLighting":true,"audioPlay":false,"sceneViewState":{"m_AlwaysRefresh":false,"showFog":true,"showSkybox":true,"showFlares":true,"showImageEffects":true,"showParticleSystems":true,"showVisualEffectGraphs":true,"m_FxEnabled":true},"in2DMode":false,"pivot":{"x":-0.8480861783027649,"y":1.8746308088302613,"z":-7.999878883361816},"rotation":{"x":0.36034929752349856,"y":-0.040556665509939197,"z":0.015691479668021203,"w":0.9318233728408814},"size":3.5964245796203615,"orthographic":false}