{"cameraMode":{"drawMode":0,"name":"Shaded","section":"Shading Mode"},"sceneLighting":true,"audioPlay":false,"sceneViewState":{"m_AlwaysRefresh":false,"showFog":true,"showSkybox":true,"showFlares":true,"showImageEffects":true,"showParticleSystems":true,"showVisualEffectGraphs":true,"m_FxEnabled":true},"in2DMode":false,"pivot":{"x":1.3716652393341065,"y":1.2280800342559815,"z":-6.667389392852783},"rotation":{"x":0.021971408277750016,"y":-0.21514858305454255,"z":0.004840373992919922,"w":0.9763280749320984},"size":0.053573865443468097,"orthographic":false}