{"cameraMode":{"drawMode":0,"name":"Shaded","section":"Shading Mode"},"sceneLighting":true,"audioPlay":false,"sceneViewState":{"m_AlwaysRefresh":false,"showFog":true,"showSkybox":true,"showFlares":true,"showImageEffects":true,"showParticleSystems":true,"showVisualEffectGraphs":true,"m_FxEnabled":true},"in2DMode":false,"pivot":{"x":-0.4910786747932434,"y":6.477901458740234,"z":-10.417216300964356},"rotation":{"x":-0.37367093563079836,"y":0.24350421130657197,"z":-0.10232286155223847,"w":-0.8892326951026917},"size":0.8660253882408142,"orthographic":false}